PtNo,Easting,Northing,Elevation,Remark
1,500309.582,3050167.964,1423.645,GL
2,500175.551,3050240.147,1412.501,ROAD
3,500343.439,3050092.728,1421.191,HOUSE
4,500278.947,3050106.270,1422.019,
5,500037.671,3050203.031,1409.034,
6,500390.249,3050126.441,1422.959,
7,500304.456,3050184.143,1423.918,RIVER
8,500314.426,3050114.927,1422.548,
9,500051.245,3050053.874,1407.207,
10,500180.154,3050186.301,1413.335,
11,500148.319,3050032.789,1407.279,GL
12,500370.706,3050049.646,1420.470,RIVER
13,500257.546,3050156.706,1421.839,HOUSE
14,500329.105,3050186.817,1423.629,GL
15,500177.366,3050223.672,1412.532,
16,500090.895,3050068.147,1408.624,
17,500221.834,3050027.681,1414.329,TREE
18,500025.527,3050239.012,1408.253,
19,500331.052,3050038.606,1420.572,HOUSE
20,500252.666,3050049.417,1418.792,RIVER
21,500303.235,3050072.832,1421.620,
22,500141.810,3050132.348,1412.307,
23,500388.279,3050220.706,1424.674,
24,500357.248,3050190.137,1423.149,HOUSE
25,500311.353,3050177.039,1423.751,GL
26,500077.855,3050043.795,1407.976,
27,500186.688,3050089.421,1415.066,
28,500017.522,3050119.601,1404.821,
29,500061.716,3050036.856,1407.392,GL
30,500273.220,3050068.357,1420.945,HOUSE
31,500297.905,3050077.083,1421.797,
32,500387.004,3050031.819,1420.864,
33,500130.330,3050137.560,1411.362,GL
34,500148.184,3050176.257,1411.450,HOUSE
35,500187.822,3050017.483,1409.424,
36,500075.789,3050120.281,1409.741,
37,500051.969,3050195.553,1410.022,
38,500190.282,3050186.998,1414.389,HOUSE
39,500090.764,3050203.768,1411.138,ROAD
40,500267.926,3050112.060,1421.781,ROAD
41,500174.861,3050205.139,1412.303,TREE
42,500333.071,3050060.188,1420.921,HOUSE
43,500280.106,3050090.203,1421.791,GL
44,500124.947,3050044.089,1407.478,
45,500332.904,3050116.871,1422.049,
46,500321.906,3050098.015,1421.930,HOUSE
47,500154.991,3050060.232,1409.355,HOUSE
48,500115.331,3050187.945,1410.599,RIVER
49,500272.998,3050078.462,1421.257,RIVER
50,500055.901,3050068.201,1407.728,
51,500079.963,3050032.723,1407.757,
52,500002.945,3050109.705,1402.557,
53,500314.770,3050075.741,1421.644,RIVER
54,500265.940,3050092.318,1421.185,ROAD
55,500282.066,3050058.999,1421.193,
56,500312.292,3050190.789,1424.014,
57,500183.566,3050232.501,1413.263,TREE
58,500227.496,3050124.483,1419.763,HOUSE
59,500055.919,3050160.750,1409.679,RIVER
60,500045.812,3050216.793,1409.981,ROAD
61,500267.361,3050249.707,1424.089,
62,500188.438,3050153.379,1416.144,
63,500226.094,3050222.445,1418.620,HOUSE
64,500306.000,3050227.152,1424.735,TREE
65,500253.887,3050197.863,1421.947,RIVER
66,500221.432,3050115.233,1419.246,TREE
67,500223.683,3050020.289,1414.281,TREE
68,500121.580,3050003.951,1406.489,
69,500012.327,3050119.300,1404.196,
70,500174.687,3050123.579,1416.090,RIVER
71,500085.834,3050101.841,1409.356,ROAD
72,500163.411,3050142.042,1414.365,
73,500341.361,3050138.041,1422.253,HOUSE
74,500093.576,3050209.153,1411.101,
75,500023.321,3050027.164,1403.850,GL
76,500112.554,3050056.294,1408.050,ROAD
77,500117.438,3050198.251,1410.672,ROAD
78,500264.767,3050211.959,1423.164,
79,500222.813,3050248.706,1418.593,
80,500313.559,3050218.228,1424.506,ROAD
81,500265.725,3050222.475,1423.319,RIVER
82,500162.555,3050078.587,1411.573,
83,500325.608,3050100.415,1421.888,ROAD
84,500066.789,3050067.021,1408.192,GL
85,500009.085,3050151.575,1404.400,TREE
86,500036.019,3050234.701,1409.445,
87,500288.944,3050086.160,1421.822,HOUSE
88,500184.751,3050139.250,1416.583,HOUSE
89,500064.509,3050074.075,1408.365,HOUSE
90,500200.418,3050042.450,1412.113,ROAD
91,500060.925,3050048.796,1407.565,RIVER
92,500278.528,3050014.486,1419.986,ROAD
93,500178.463,3050237.323,1412.757,HOUSE
94,500152.408,3050100.720,1412.597,RIVER
95,500120.605,3050208.530,1410.612,HOUSE
96,500252.113,3050170.332,1421.414,HOUSE
97,500144.725,3050047.980,1407.947,TREE
98,500035.060,3050043.866,1405.504,ROAD
99,500047.202,3050202.997,1409.850,
100,500384.759,3050066.178,1421.348,TREE
101,500363.432,3050228.321,1423.934,GL
102,500279.883,3050035.014,1420.545,RIVER
103,500106.348,3050169.427,1410.616,
104,500387.671,3050203.618,1424.349,HOUSE
105,500311.500,3050058.814,1421.373,
106,500286.756,3050069.052,1421.450,RIVER
107,500179.745,3050241.130,1412.930,ROAD
108,500108.897,3050066.149,1408.510,
109,500038.556,3050107.489,1407.144,ROAD
110,500361.041,3050108.129,1421.448,GL
111,500182.311,3050063.259,1411.732,RIVER
112,500080.945,3050193.948,1411.008,HOUSE
113,500122.383,3050192.962,1410.543,
114,500231.688,3050094.580,1418.935,
115,500070.709,3050208.781,1411.159,GL
116,500342.646,3050053.269,1420.598,
117,500303.408,3050001.076,1420.356,
118,500287.785,3050142.792,1423.107,RIVER
119,500172.837,3050248.519,1412.404,ROAD
120,500250.924,3050009.661,1417.555,GL
121,500233.639,3050052.000,1416.777,
122,500259.939,3050129.729,1421.690,
123,500033.778,3050202.485,1408.487,RIVER
124,500166.323,3050022.261,1407.691,
125,500016.646,3050098.809,1404.326,
126,500197.596,3050186.769,1415.124,GL
127,500131.944,3050092.886,1410.313,GL
128,500057.810,3050047.209,1407.473,TREE
129,500041.361,3050048.874,1406.248,
130,500235.058,3050102.512,1419.650,RIVER
131,500068.237,3050119.854,1409.408,HOUSE
132,500370.048,3050215.454,1423.762,RIVER
133,500232.424,3050160.563,1419.727,
134,500138.748,3050172.600,1411.076,HOUSE
135,500236.366,3050245.747,1420.494,
136,500009.122,3050102.961,1403.484,HOUSE
137,500383.424,3050100.839,1421.982,HOUSE
138,500192.921,3050230.837,1414.267,
139,500313.094,3050061.469,1421.417,RIVER
140,500033.092,3050182.454,1407.990,ROAD
141,500194.663,3050188.643,1414.797,RIVER
142,500196.283,3050024.447,1410.773,
143,500375.131,3050117.058,1421.921,HOUSE
144,500228.691,3050050.141,1416.091,
145,500189.396,3050046.344,1410.979,
146,500106.790,3050115.957,1410.053,RIVER
147,500132.628,3050072.357,1409.111,
148,500208.269,3050199.015,1416.138,ROAD
149,500175.565,3050226.901,1412.321,GL
150,500008.645,3050200.680,1405.277,
151,500330.517,3050066.508,1421.081,
152,500358.464,3050068.534,1420.668,HOUSE
153,500056.100,3050063.682,1407.693,HOUSE
154,500221.614,3050033.760,1414.402,GL
155,500043.430,3050235.950,1410.118,ROAD
156,500268.896,3050100.512,1421.559,
157,500112.494,3050056.172,1408.109,TREE
158,500263.769,3050211.668,1423.020,
159,500290.798,3050099.799,1422.220,TREE
160,500307.459,3050008.779,1420.463,
161,500043.096,3050040.485,1406.187,GL
162,500366.405,3050159.813,1422.679,TREE
163,500092.086,3050195.726,1410.938,TREE
164,500014.965,3050052.734,1403.263,GL
165,500221.941,3050229.349,1418.127,HOUSE
166,500148.369,3050212.749,1410.886,TREE
167,500331.916,3050212.095,1424.011,
168,500323.301,3050056.915,1421.048,
169,500126.856,3050012.634,1406.513,HOUSE
170,500381.160,3050216.856,1424.262,RIVER
171,500116.367,3050076.450,1408.953,ROAD
172,500206.023,3050154.729,1417.624,HOUSE
173,500102.386,3050189.992,1410.787,RIVER
174,500374.417,3050032.073,1420.277,RIVER
175,500065.843,3050195.210,1410.735,TREE
176,500017.964,3050234.628,1407.179,
177,500174.039,3050182.094,1412.923,HOUSE
178,500396.950,3050110.306,1423.213,TREE
179,500356.671,3050219.170,1423.765,
180,500299.443,3050131.864,1423.043,ROAD
181,500356.317,3050186.193,1423.085,ROAD
182,500357.379,3050205.126,1423.437,
183,500207.543,3050187.338,1416.346,GL
184,500126.372,3050071.964,1408.820,
185,500308.805,3050029.461,1420.811,
186,500264.665,3050059.585,1420.107,
187,500149.463,3050125.719,1413.146,
188,500037.787,3050126.319,1407.466,
189,500298.716,3050145.661,1423.236,
190,500104.984,3050098.775,1409.632,GL
191,500374.725,3050196.723,1423.570,TREE
192,500096.388,3050228.288,1411.513,
193,500049.103,3050061.681,1407.175,TREE
194,500332.445,3050184.131,1423.408,
195,500061.314,3050169.493,1410.074,HOUSE
196,500071.707,3050130.773,1409.694,HOUSE
197,500239.753,3050047.133,1417.331,RIVER
198,500349.825,3050198.808,1423.380,
199,500078.574,3050240.157,1411.830,ROAD
200,500124.129,3050180.459,1410.599,
201,500310.962,3050229.465,1424.759,
202,500388.731,3050246.046,1425.237,HOUSE
203,500200.296,3050088.013,1415.959,
204,500057.559,3050159.556,1409.734,
205,500005.575,3050118.483,1403.234,RIVER
206,500091.862,3050246.657,1411.958,
207,500052.729,3050023.452,1406.727,TREE
208,500271.063,3050103.094,1421.709,
209,500048.733,3050218.885,1410.407,
210,500202.532,3050071.013,1414.550,
211,500277.705,3050196.948,1423.652,
212,500232.447,3050095.696,1419.004,GL
213,500079.910,3050244.995,1411.986,GL
214,500321.650,3050220.882,1424.457,
215,500286.163,3050075.330,1421.611,
216,500295.594,3050192.548,1424.183,
217,500052.423,3050084.214,1407.858,TREE
218,500049.502,3050151.591,1409.000,RIVER
219,500371.025,3050164.620,1422.739,HOUSE
220,500159.031,3050207.399,1411.234,RIVER
221,500120.379,3050006.113,1406.492,
222,500195.434,3050055.039,1412.355,
223,500265.146,3050177.979,1422.532,ROAD
224,500382.249,3050140.881,1422.894,
225,500114.578,3050123.901,1410.512,ROAD
226,500369.923,3050013.802,1419.667,GL
227,500009.944,3050087.069,1403.145,
228,500222.079,3050216.275,1418.024,ROAD
229,500253.590,3050007.723,1417.880,TREE
230,500042.359,3050099.109,1407.373,ROAD
231,500056.136,3050236.287,1411.127,GL
232,500167.646,3050012.720,1407.447,
233,500386.493,3050187.426,1423.958,HOUSE
234,500238.417,3050064.403,1417.849,
235,500373.209,3050216.652,1423.859,HOUSE
236,500321.744,3050186.517,1423.682,GL
237,500186.953,3050221.426,1413.398,ROAD
238,500313.905,3050053.981,1421.294,ROAD
239,500007.135,3050132.823,1403.727,GL
240,500043.658,3050194.817,1409.412,RIVER
241,500331.771,3050061.425,1420.975,
242,500318.727,3050057.687,1421.259,
243,500093.056,3050006.796,1407.034,RIVER
244,500212.308,3050239.629,1416.977,TREE
245,500242.406,3050177.504,1420.534,GL
246,500347.096,3050158.890,1422.618,
247,500241.243,3050185.999,1420.407,
248,500165.029,3050132.903,1414.821,HOUSE
249,500149.674,3050119.033,1413.067,ROAD
250,500170.353,3050112.383,1415.192,RIVER
251,500260.772,3050160.110,1422.109,GL
252,500346.996,3050050.384,1420.452,GL
253,500181.559,3050222.015,1412.830,
254,500099.136,3050202.938,1410.961,
255,500094.665,3050087.391,1409.103,GL
256,500298.406,3050144.652,1423.190,TREE
257,500326.628,3050035.257,1420.513,
258,500042.111,3050243.087,1410.117,GL
259,500026.624,3050225.723,1408.139,HOUSE
260,500237.773,3050230.474,1420.392,ROAD
261,500058.469,3050083.041,1408.134,RIVER
262,500329.866,3050042.284,1420.633,
263,500124.134,3050052.943,1407.933,GL
264,500057.549,3050022.500,1406.833,ROAD
265,500368.388,3050030.028,1420.019,HOUSE
266,500066.213,3050017.826,1407.231,
267,500113.888,3050247.456,1411.435,HOUSE
268,500061.445,3050018.514,1406.980,
269,500046.196,3050033.136,1406.401,GL
270,500008.459,3050206.814,1405.347,
271,500022.158,3050145.060,1406.063,RIVER
272,500069.857,3050193.604,1410.843,
273,500021.353,3050157.728,1406.139,ROAD
274,500236.458,3050220.544,1420.082,
275,500272.286,3050159.617,1422.794,
276,500157.452,3050130.531,1414.121,HOUSE
277,500127.196,3050178.187,1410.621,HOUSE
278,500201.810,3050111.848,1417.929,
279,500350.002,3050086.516,1421.096,
280,500340.453,3050116.913,1421.909,
281,500017.390,3050042.429,1403.271,GL
282,500072.599,3050199.143,1411.040,
283,500094.698,3050065.176,1408.517,HOUSE
284,500099.755,3050038.383,1407.649,
285,500228.493,3050061.588,1416.721,ROAD
286,500166.505,3050210.518,1411.753,ROAD
287,500019.702,3050082.550,1404.485,HOUSE
288,500149.446,3050171.512,1411.713,RIVER
289,500209.501,3050214.102,1416.264,RIVER
290,500040.669,3050019.436,1405.499,
291,500333.383,3050191.256,1423.436,
292,500020.785,3050076.916,1404.478,ROAD
293,500369.937,3050054.156,1420.518,
294,500039.645,3050172.225,1408.500,HOUSE
295,500337.430,3050227.449,1424.149,ROAD
296,500361.061,3050073.755,1420.836,RIVER
297,500391.828,3050142.208,1423.341,
298,500320.810,3050072.459,1421.449,
299,500311.791,3050138.571,1423.059,
300,500256.993,3050155.466,1421.727,
301,500311.599,3050152.584,1423.306,
302,500053.821,3050155.887,1409.349,GL
303,500214.427,3050033.770,1413.506,GL
304,500205.689,3050173.385,1416.682,ROAD
305,500343.029,3050168.688,1422.892,ROAD
306,500185.120,3050170.647,1414.721,HOUSE
307,500154.036,3050018.518,1406.894,
308,500255.825,3050111.710,1421.179,GL
309,500106.585,3050102.259,1409.695,HOUSE
310,500055.907,3050021.678,1406.802,
311,500191.151,3050055.592,1411.975,GL
312,500166.756,3050110.241,1414.752,HOUSE
313,500093.028,3050185.727,1410.854,ROAD
314,500147.005,3050059.266,1408.697,ROAD
315,500146.557,3050207.437,1410.667,GL
316,500130.998,3050136.450,1411.539,GL
317,500151.786,3050190.105,1411.135,GL
318,500274.297,3050118.139,1422.250,HOUSE
319,500118.751,3050124.799,1410.717,GL
320,500379.543,3050154.930,1422.835,GL
321,500366.539,3050231.993,1424.082,
322,500192.364,3050122.953,1417.562,GL
323,500131.344,3050132.164,1411.554,
324,500214.174,3050150.499,1418.453,TREE
325,500339.424,3050184.379,1423.327,RIVER
326,500261.035,3050017.963,1418.775,ROAD
327,500321.757,3050128.922,1422.567,GL
328,500213.089,3050120.398,1418.879,RIVER
329,500253.167,3050230.421,1422.209,RIVER
330,500115.262,3050123.377,1410.560,GL
331,500293.957,3050117.080,1422.729,ROAD
332,500080.962,3050240.550,1411.858,
333,500277.919,3050112.644,1422.231,RIVER
334,500344.288,3050045.221,1420.223,
335,500052.841,3050054.229,1407.257,
336,500245.752,3050023.797,1417.311,
337,500038.038,3050000.142,1404.900,ROAD
338,500290.286,3050107.986,1422.474,
339,500033.797,3050192.311,1408.326,ROAD
340,500374.376,3050183.367,1423.254,
341,500054.963,3050008.037,1406.441,TREE
342,500383.552,3050142.496,1422.769,GL
343,500320.354,3050038.571,1420.743,GL
344,500237.473,3050235.269,1420.478,
345,500313.050,3050041.841,1420.905,
346,500318.046,3050156.660,1423.182,
347,500378.411,3050081.560,1421.366,GL
348,500101.353,3050160.390,1410.628,ROAD
349,500236.030,3050103.065,1419.651,GL
350,500038.020,3050189.911,1408.709,
351,500246.466,3050057.670,1418.519,
352,500068.517,3050226.448,1411.385,TREE
353,500225.980,3050125.052,1419.702,GL
354,500228.972,3050189.023,1418.859,RIVER
355,500186.394,3050212.433,1413.443,GL
356,500209.053,3050249.707,1416.625,TREE
357,500305.569,3050055.986,1421.334,
358,500319.698,3050071.723,1421.471,
359,500196.861,3050062.608,1413.203,ROAD
360,500239.837,3050065.718,1418.077,
361,500372.494,3050145.611,1422.474,GL
362,500047.893,3050248.381,1410.751,TREE
363,500046.841,3050247.570,1410.712,
364,500035.084,3050131.693,1407.297,TREE
365,500263.145,3050159.757,1422.236,
366,500167.443,3050214.993,1411.673,
367,500309.729,3050233.233,1424.889,GL
368,500268.493,3050050.965,1420.224,GL
369,500133.455,3050132.135,1411.799,
370,500359.347,3050208.209,1423.534,TREE
371,500305.013,3050075.801,1421.846,HOUSE
372,500108.214,3050109.952,1410.157,
373,500145.677,3050246.405,1411.165,RIVER
374,500125.776,3050246.262,1411.202,TREE
375,500063.045,3050226.527,1411.271,ROAD
376,500059.113,3050199.612,1410.476,
377,500374.451,3050067.283,1420.922,ROAD
378,500175.162,3050080.213,1412.848,
379,500153.328,3050136.821,1413.529,HOUSE
380,500291.874,3050140.194,1423.067,ROAD
381,500221.197,3050126.376,1419.402,
382,500374.456,3050159.168,1422.836,
383,500312.121,3050102.081,1422.292,
384,500191.748,3050187.294,1414.477,TREE
385,500150.544,3050083.387,1410.926,ROAD
386,500394.653,3050082.669,1422.506,GL
387,500287.104,3050031.806,1420.735,
388,500380.478,3050047.178,1420.715,
389,500047.391,3050212.630,1410.012,GL
390,500340.213,3050111.571,1421.780,RIVER
391,500254.830,3050056.967,1419.290,
392,500048.769,3050189.835,1409.727,
393,500235.303,3050138.495,1420.253,HOUSE
394,500274.439,3050005.289,1419.607,
395,500004.921,3050079.090,1402.301,RIVER
396,500181.727,3050044.250,1410.091,RIVER
397,500330.160,3050163.968,1423.054,GL
398,500118.144,3050068.758,1408.568,HOUSE
399,500183.419,3050016.237,1408.944,ROAD
400,500176.926,3050013.734,1408.146,HOUSE
401,500120.771,3050145.432,1410.861,
402,500367.377,3050005.431,1419.520,
403,500312.518,3050212.198,1424.410,
404,500044.235,3050038.849,1406.281,
405,500398.814,3050151.642,1424.222,
406,500351.680,3050111.172,1421.520,HOUSE
407,500113.563,3050110.713,1410.108,TREE
408,500334.759,3050017.949,1420.009,
409,500042.568,3050200.688,1409.422,
410,500399.642,3050223.263,1425.792,
411,500266.274,3050002.754,1418.988,GL
412,500260.050,3050044.651,1419.294,ROAD
413,500036.176,3050225.976,1409.256,
414,500358.813,3050137.373,1422.082,
415,500011.600,3050037.510,1402.431,TREE
416,500096.331,3050050.698,1408.109,
417,500057.209,3050164.997,1409.709,
418,500310.707,3050181.204,1423.840,
419,500079.282,3050149.857,1410.271,TREE
420,500364.255,3050238.287,1424.167,GL
421,500262.508,3050123.516,1421.707,TREE
422,500014.465,3050075.068,1403.557,TREE
423,500002.172,3050119.308,1402.568,GL
424,500020.663,3050089.917,1404.679,ROAD
425,500242.370,3050056.104,1417.930,RIVER
426,500320.593,3050011.491,1420.200,
427,500095.421,3050088.053,1409.171,RIVER
428,500339.764,3050177.852,1423.104,
429,500022.893,3050004.609,1403.178,
430,500320.386,3050109.795,1422.245,TREE
431,500371.118,3050161.002,1422.669,
432,500308.843,3050152.601,1423.327,
433,500279.248,3050194.162,1423.600,
434,500335.192,3050202.630,1423.711,GL
435,500016.061,3050177.926,1405.837,ROAD
436,500080.713,3050025.699,1407.614,RIVER
437,500049.969,3050118.756,1408.379,
438,500201.812,3050150.851,1417.471,TREE
439,500298.075,3050061.392,1421.427,GL
440,500252.005,3050010.638,1417.669,GL
441,500340.452,3050055.898,1420.623,HOUSE
442,500062.085,3050113.724,1409.014,RIVER
443,500293.848,3050103.483,1422.337,GL
444,500077.217,3050044.167,1407.999,
445,500108.304,3050206.104,1410.867,RIVER
446,500283.962,3050231.422,1424.522,RIVER
447,500392.082,3050050.337,1421.582,
448,500244.617,3050232.393,1421.314,TREE
449,500021.800,3050004.465,1403.164,ROAD
450,500246.524,3050231.241,1421.609,TREE
451,500016.940,3050237.982,1407.139,GL
452,500353.658,3050003.013,1419.390,RIVER
453,500283.831,3050190.755,1423.812,ROAD
454,500069.251,3050242.550,1411.760,TREE
455,500036.688,3050226.476,1409.306,
456,500073.413,3050242.678,1411.776,GL
457,500392.011,3050137.581,1423.309,HOUSE
458,500183.424,3050019.539,1409.007,
459,500313.632,3050212.447,1424.324,TREE
460,500254.563,3050153.457,1421.556,HOUSE
461,500228.965,3050153.684,1419.516,
462,500058.052,3050104.313,1408.640,TREE
463,500378.410,3050142.960,1422.644,HOUSE
464,500120.537,3050038.395,1407.310,
465,500231.207,3050184.943,1419.217,TREE
466,500279.910,3050018.754,1420.057,HOUSE
467,500259.693,3050182.445,1422.171,
468,500376.238,3050212.245,1423.929,HOUSE
469,500059.376,3050118.117,1409.006,
470,500203.341,3050127.458,1418.320,GL
471,500161.614,3050078.054,1411.439,HOUSE
472,500189.667,3050242.365,1413.924,
473,500047.687,3050183.281,1409.407,
474,500053.638,3050092.247,1408.129,GL
475,500111.230,3050043.702,1407.744,RIVER
476,500121.882,3050054.895,1407.988,
477,500171.161,3050115.981,1415.460,ROAD
478,500244.395,3050235.642,1421.224,
479,500253.852,3050183.537,1421.584,GL
480,500164.724,3050053.811,1409.385,GL
481,500163.513,3050214.890,1411.424,GL
482,500087.051,3050094.550,1409.214,
483,500235.322,3050212.931,1419.815,ROAD
484,500126.816,3050060.425,1408.251,
485,500014.424,3050154.665,1405.208,ROAD
486,500167.360,3050231.668,1411.805,HOUSE
487,500189.653,3050064.474,1412.671,TREE
488,500090.237,3050173.232,1410.681,
489,500228.983,3050246.828,1419.457,HOUSE
490,500226.309,3050037.650,1415.299,RIVER
491,500280.801,3050022.101,1420.211,RIVER
492,500259.179,3050168.549,1422.170,RIVER
493,500260.973,3050084.934,1420.668,
494,500126.486,3050017.811,1406.693,TREE
495,500314.973,3050118.826,1422.560,GL
496,500219.658,3050188.443,1417.870,RIVER
497,500172.567,3050071.281,1411.699,RIVER
498,500250.405,3050083.762,1419.760,ROAD
499,500144.263,3050211.425,1410.758,
500,500205.096,3050130.018,1418.433,
501,500294.682,3050210.683,1424.440,HOUSE
502,500354.561,3050111.597,1421.497,HOUSE
503,500368.423,3050238.244,1424.221,
504,500201.453,3050162.699,1416.738,
505,500208.110,3050028.975,1412.431,
506,500319.948,3050221.273,1424.448,HOUSE
507,500125.780,3050122.316,1411.169,GL
508,500334.953,3050035.410,1420.470,GL
509,500197.657,3050038.173,1411.515,ROAD
510,500046.343,3050171.883,1409.140,
511,500028.824,3050011.843,1404.148,ROAD
512,500336.797,3050071.648,1421.107,
513,500022.227,3050034.947,1403.796,RIVER
514,500112.245,3050110.269,1410.111,RIVER
515,500133.652,3050103.588,1411.079,TREE
516,500069.198,3050130.469,1409.615,
517,500125.557,3050069.909,1408.721,
518,500297.077,3050008.011,1420.325,
519,500005.873,3050153.597,1403.961,RIVER
520,500330.869,3050093.430,1421.736,
521,500342.619,3050162.834,1422.782,GL
522,500148.905,3050027.167,1407.160,GL
523,500061.445,3050003.444,1406.663,HOUSE
524,500240.336,3050062.074,1418.000,ROAD
525,500047.869,3050114.137,1408.071,TREE
526,500145.968,3050098.518,1411.764,ROAD
527,500383.372,3050202.576,1424.095,TREE
528,500398.186,3050094.459,1423.001,GL
529,500308.842,3050132.610,1422.840,
530,500124.385,3050148.379,1410.937,
531,500275.066,3050005.458,1419.550,GL
532,500282.163,3050128.783,1422.690,
533,500155.137,3050086.208,1411.714,
534,500256.355,3050105.320,1421.052,GL
535,500004.291,3050025.072,1401.031,GL
536,500083.623,3050195.705,1411.108,ROAD
537,500210.035,3050235.601,1416.595,RIVER
538,500065.501,3050005.567,1406.831,HOUSE
539,500066.363,3050150.343,1409.896,
540,500334.522,3050190.961,1423.548,GL
541,500395.653,3050071.202,1422.333,HOUSE
542,500222.388,3050196.889,1417.967,TREE
543,500335.628,3050158.089,1422.840,GL
544,500396.129,3050232.291,1425.461,GL
545,500056.638,3050245.251,1411.289,GL
546,500179.298,3050010.587,1408.418,TREE
547,500157.029,3050111.234,1413.691,
548,500032.020,3050136.747,1407.014,TREE
549,500302.132,3050036.686,1421.049,
550,500173.512,3050084.071,1413.186,HOUSE
551,500187.731,3050246.912,1413.920,ROAD
552,500060.269,3050004.058,1406.708,TREE
553,500072.371,3050113.127,1409.454,GL
554,500362.841,3050210.664,1423.594,RIVER
555,500017.860,3050080.975,1404.171,HOUSE
556,500093.141,3050119.950,1409.946,GL
557,500116.824,3050244.511,1411.316,
558,500196.079,3050118.719,1417.721,
559,500234.578,3050032.730,1416.121,
560,500197.316,3050012.930,1410.430,
561,500033.646,3050236.354,1409.218,HOUSE
562,500097.467,3050066.452,1408.588,TREE
563,500337.435,3050126.016,1422.123,RIVER
564,500255.035,3050022.675,1418.389,TREE
565,500259.660,3050105.914,1421.249,RIVER
566,500268.081,3050232.526,1423.677,TREE
567,500305.161,3050125.603,1422.842,
568,500023.243,3050242.784,1408.087,HOUSE
569,500146.643,3050064.709,1409.189,GL
570,500215.811,3050126.136,1419.124,
571,500135.383,3050214.883,1410.562,GL
572,500337.792,3050112.063,1421.846,HOUSE
573,500193.029,3050069.872,1413.572,GL
574,500307.451,3050213.869,1424.510,HOUSE
575,500340.806,3050097.472,1421.499,RIVER
576,500201.917,3050132.681,1418.231,GL
577,500363.821,3050244.132,1424.185,
578,500234.850,3050046.621,1416.726,GL
579,500340.110,3050075.350,1420.980,ROAD
580,500136.236,3050007.767,1406.316,
581,500199.527,3050097.959,1416.910,RIVER
582,500212.564,3050050.046,1414.081,GL
583,500041.992,3050170.009,1408.707,ROAD
584,500159.421,3050045.330,1408.452,ROAD
585,500366.935,3050168.703,1422.771,ROAD
586,500252.333,3050065.869,1419.324,RIVER
587,500071.003,3050088.804,1408.868,
588,500135.542,3050087.215,1410.150,TREE
589,500076.641,3050179.188,1410.699,
590,500009.929,3050116.627,1403.753,
591,500370.984,3050090.325,1421.219,
592,500179.283,3050213.156,1412.621,HOUSE
593,500123.014,3050142.988,1411.069,TREE
594,500239.391,3050053.458,1417.536,HOUSE
595,500002.926,3050225.023,1404.860,
596,500111.209,3050085.663,1409.147,
597,500281.213,3050009.745,1420.019,HOUSE
598,500253.508,3050123.650,1421.323,ROAD
599,500392.722,3050030.985,1421.249,RIVER
600,500248.143,3050059.617,1418.762,
601,500191.002,3050186.778,1414.442,GL
602,500304.573,3050032.688,1420.940,
603,500361.331,3050201.736,1423.300,ROAD
604,500288.278,3050234.227,1424.814,
605,500385.284,3050151.633,1423.133,ROAD
606,500312.802,3050177.590,1423.777,
607,500346.721,3050178.397,1422.941,
608,500045.642,3050248.202,1410.605,RIVER
609,500292.965,3050085.385,1421.988,GL
610,500176.035,3050040.714,1409.356,GL
611,500221.242,3050129.792,1419.427,HOUSE
612,500261.641,3050133.312,1421.846,
613,500387.926,3050044.478,1421.144,HOUSE
614,500393.831,3050153.277,1423.874,GL
615,500115.291,3050003.531,1406.608,
616,500293.501,3050231.917,1424.798,GL
617,500299.993,3050066.144,1421.639,
618,500138.597,3050009.890,1406.366,
619,500049.548,3050027.062,1406.421,TREE
620,500016.379,3050060.062,1403.589,
621,500310.937,3050068.477,1421.498,
622,500195.880,3050008.202,1410.173,HOUSE
623,500394.216,3050069.839,1422.144,GL
624,500185.989,3050048.235,1410.827,
625,500391.167,3050094.655,1422.432,HOUSE
626,500164.630,3050096.292,1413.508,ROAD
627,500317.473,3050084.752,1421.753,
628,500033.928,3050081.981,1406.190,
629,500222.185,3050022.433,1414.156,
630,500320.824,3050006.301,1420.079,HOUSE
631,500369.881,3050050.529,1420.465,
632,500329.033,3050189.162,1423.667,ROAD
633,500014.788,3050247.702,1407.155,
634,500149.081,3050232.132,1411.013,
635,500019.479,3050126.055,1405.217,ROAD
636,500043.713,3050132.956,1408.170,
637,500270.122,3050078.645,1421.073,
638,500285.303,3050193.485,1423.927,RIVER
639,500309.488,3050191.189,1424.089,TREE
640,500346.183,3050211.068,1423.662,GL
641,500295.773,3050223.876,1424.705,HOUSE
642,500320.349,3050108.587,1422.180,HOUSE
643,500019.585,3050191.719,1406.508,TREE
644,500093.814,3050201.600,1411.086,
645,500248.759,3050077.115,1419.450,TREE
646,500343.250,3050232.311,1424.150,
647,500001.800,3050023.585,1400.667,ROAD
648,500205.852,3050248.567,1416.210,TREE
649,500270.915,3050192.523,1423.276,
650,500011.843,3050023.318,1402.177,RIVER
651,500160.542,3050164.057,1412.840,
652,500358.254,3050008.545,1419.507,
653,500268.645,3050192.547,1423.123,RIVER
654,500095.063,3050199.806,1410.973,ROAD
655,500341.112,3050150.603,1422.543,ROAD
656,500139.213,3050214.215,1410.594,HOUSE
657,500341.338,3050024.471,1419.977,RIVER
658,500119.577,3050068.981,1408.587,
659,500236.128,3050103.544,1419.707,TREE
660,500158.776,3050010.614,1406.999,
661,500109.930,3050112.054,1410.130,GL
662,500354.623,3050066.303,1420.635,
663,500075.037,3050098.184,1409.277,
664,500033.925,3050106.276,1406.620,GL
665,500136.771,3050219.853,1410.643,RIVER
666,500287.056,3050067.585,1421.378,HOUSE
667,500322.973,3050223.436,1424.504,
668,500399.497,3050106.493,1423.407,GL
669,500118.545,3050081.952,1409.316,TREE
670,500163.177,3050125.628,1414.676,
671,500054.729,3050104.436,1408.487,TREE
672,500229.949,3050064.343,1416.981,HOUSE
673,500399.032,3050125.670,1423.739,
674,500280.352,3050037.950,1420.493,TREE
675,500238.085,3050087.982,1419.124,HOUSE
676,500156.948,3050141.448,1413.764,TREE
677,500366.120,3050103.352,1421.452,
678,500198.767,3050205.978,1414.907,TREE
679,500053.747,3050064.180,1407.484,ROAD
680,500146.151,3050242.443,1411.049,
681,500026.867,3050196.181,1407.596,TREE
682,500080.792,3050241.898,1411.816,HOUSE
683,500007.068,3050209.534,1405.260,
684,500181.312,3050035.526,1409.616,GL
685,500253.816,3050131.615,1421.347,RIVER
686,500137.317,3050042.495,1407.512,
687,500168.153,3050204.557,1411.795,TREE
688,500383.684,3050146.041,1422.960,
689,500300.785,3050065.862,1421.574,RIVER
690,500216.343,3050232.400,1417.356,TREE
691,500113.816,3050028.797,1407.241,ROAD
692,500358.799,3050140.966,1422.137,TREE
693,500094.039,3050180.260,1410.858,
694,500130.137,3050014.712,1406.556,
695,500363.626,3050149.464,1422.295,HOUSE
696,500211.817,3050203.975,1416.645,ROAD
697,500296.927,3050016.882,1420.613,
698,500236.298,3050128.061,1420.313,ROAD
699,500261.376,3050064.639,1420.105,ROAD
700,500119.753,3050165.731,1410.642,
701,500096.549,3050029.669,1407.554,
702,500128.997,3050234.263,1410.909,HOUSE
703,500062.177,3050223.682,1411.079,ROAD
704,500349.726,3050046.494,1420.288,GL
705,500113.299,3050080.816,1409.120,HOUSE
706,500224.596,3050146.909,1419.396,RIVER
707,500316.790,3050179.516,1423.631,
708,500313.530,3050110.664,1422.320,
709,500175.355,3050039.073,1409.288,RIVER
710,500190.503,3050026.038,1410.079,
711,500397.881,3050249.941,1426.045,GL
712,500269.839,3050113.838,1421.898,GL
713,500325.855,3050218.133,1424.184,TREE
714,500361.022,3050120.594,1421.813,
715,500315.036,3050230.589,1424.728,HOUSE
716,500074.072,3050021.940,1407.525,HOUSE
717,500224.868,3050028.505,1414.722,
718,500040.758,3050232.408,1409.921,GL
719,500261.169,3050236.873,1423.204,
720,500382.140,3050078.679,1421.554,
721,500205.093,3050088.791,1416.520,RIVER
722,500173.189,3050113.113,1415.594,TREE
723,500014.337,3050104.040,1404.154,TREE
724,500383.910,3050047.511,1420.974,RIVER
725,500041.201,3050224.594,1409.831,HOUSE
726,500016.432,3050063.327,1403.565,ROAD
727,500098.427,3050176.318,1410.681,HOUSE
728,500026.212,3050016.789,1403.952,GL
729,500182.047,3050009.688,1408.622,HOUSE
730,500206.435,3050163.433,1417.181,
731,500125.028,3050084.754,1409.543,RIVER
732,500020.384,3050163.865,1406.143,
733,500044.640,3050023.505,1405.941,RIVER
734,500153.802,3050237.463,1411.193,RIVER
735,500024.211,3050187.129,1407.055,
736,500279.276,3050219.067,1424.040,HOUSE
737,500082.808,3050034.118,1407.789,RIVER
738,500120.829,3050080.040,1409.178,TREE
739,500157.650,3050092.086,1412.415,
740,500166.644,3050134.293,1415.040,RIVER
741,500000.664,3050074.217,1401.485,TREE
742,500044.828,3050015.158,1405.800,
743,500345.106,3050092.220,1421.385,
744,500000.493,3050063.637,1401.292,HOUSE
745,500203.267,3050096.480,1417.045,GL
746,500195.801,3050049.240,1411.952,
747,500133.238,3050065.474,1408.652,ROAD
748,500172.531,3050156.738,1414.393,
749,500312.232,3050097.038,1422.173,
750,500336.481,3050086.346,1421.361,GL
751,500104.139,3050133.476,1410.330,
752,500128.996,3050192.965,1410.498,GL
753,500096.993,3050094.717,1409.384,RIVER
754,500191.945,3050146.880,1416.822,RIVER
755,500273.303,3050241.551,1424.251,ROAD
756,500091.301,3050130.495,1410.240,
757,500132.294,3050227.449,1410.847,
758,500372.154,3050198.418,1423.529,ROAD
759,500019.428,3050014.680,1403.036,
760,500184.308,3050107.275,1416.226,HOUSE
761,500284.623,3050174.580,1423.465,
762,500060.182,3050246.678,1411.576,HOUSE
763,500018.950,3050114.594,1404.937,TREE
764,500055.282,3050023.196,1406.748,RIVER
765,500367.529,3050140.502,1422.213,
766,500003.704,3050031.641,1401.119,GL
767,500075.329,3050187.880,1410.769,RIVER
768,500012.513,3050126.919,1404.337,GL
769,500044.252,3050180.858,1409.094,HOUSE
770,500248.060,3050217.340,1421.427,
771,500096.656,3050157.237,1410.462,HOUSE
772,500227.685,3050153.110,1419.503,
773,500236.078,3050188.643,1419.778,TREE
774,500339.774,3050210.614,1423.752,RIVER
775,500001.897,3050217.263,1404.651,HOUSE
776,500341.348,3050009.108,1419.689,GL
777,500247.648,3050139.048,1421.044,
778,500065.097,3050054.067,1407.911,
779,500309.175,3050215.086,1424.560,ROAD
780,500342.197,3050162.099,1422.732,
781,500101.705,3050105.056,1409.732,HOUSE
782,500367.517,3050047.026,1420.313,GL
783,500181.783,3050084.756,1413.966,
784,500241.370,3050175.944,1420.461,HOUSE
785,500393.860,3050051.090,1421.775,
786,500144.614,3050023.396,1406.879,
787,500325.264,3050222.007,1424.364,TREE
788,500127.360,3050191.053,1410.555,ROAD
789,500319.685,3050049.949,1421.078,ROAD
790,500240.294,3050073.078,1418.544,HOUSE
791,500086.542,3050243.018,1411.962,HOUSE
792,500165.610,3050177.046,1412.507,ROAD
793,500127.054,3050152.631,1411.129,
794,500031.243,3050076.907,1405.764,
795,500011.934,3050074.781,1403.247,GL
796,500138.591,3050009.881,1406.417,HOUSE
797,500007.614,3050182.120,1404.759,HOUSE
798,500066.195,3050010.794,1407.001,
799,500290.073,3050001.214,1420.187,ROAD
800,500283.236,3050182.374,1423.763,
801,500295.432,3050237.218,1424.951,RIVER
802,500126.861,3050189.126,1410.562,HOUSE
803,500356.008,3050117.910,1421.659,RIVER
804,500237.532,3050121.511,1420.236,HOUSE
805,500050.411,3050109.034,1408.287,TREE
806,500057.487,3050081.161,1408.065,
807,500277.238,3050130.429,1422.515,GL
808,500069.178,3050107.788,1409.107,ROAD
809,500202.917,3050149.542,1417.604,GL
810,500396.710,3050224.530,1425.378,
811,500001.603,3050248.752,1405.240,
812,500006.632,3050019.686,1401.497,TREE
813,500397.234,3050096.171,1422.925,HOUSE
814,500233.856,3050045.177,1416.437,RIVER
815,500050.764,3050088.030,1407.853,RIVER
816,500358.921,3050071.868,1420.722,TREE
817,500352.152,3050043.634,1420.283,TREE
818,500214.480,3050191.019,1417.067,ROAD
819,500248.717,3050124.072,1420.937,
820,500109.275,3050229.811,1411.231,TREE
821,500020.208,3050008.148,1403.051,GL
822,500237.827,3050016.745,1416.138,ROAD
823,500117.902,3050100.818,1409.993,ROAD
824,500265.448,3050020.069,1419.237,HOUSE
825,500334.498,3050065.682,1420.926,HOUSE
826,500007.264,3050246.507,1406.004,HOUSE
827,500238.286,3050052.240,1417.250,TREE
828,500092.512,3050049.529,1408.069,
829,500349.555,3050143.410,1422.280,
830,500101.466,3050124.500,1410.181,HOUSE
831,500244.308,3050145.110,1420.869,TREE
832,500221.416,3050094.184,1418.145,
833,500158.467,3050206.691,1411.247,RIVER
834,500271.048,3050034.645,1420.030,RIVER
835,500290.308,3050107.098,1422.423,HOUSE
836,500226.775,3050172.440,1418.969,
837,500303.369,3050217.059,1424.644,RIVER
838,500393.367,3050092.393,1422.516,
839,500167.709,3050141.936,1414.768,GL
840,500205.833,3050017.285,1411.722,ROAD
841,500004.988,3050042.580,1401.604,TREE
842,500318.411,3050017.285,1420.470,
843,500208.092,3050181.970,1416.496,
844,500163.185,3050072.015,1410.865,
845,500037.629,3050180.936,1408.542,HOUSE
846,500355.863,3050016.600,1419.651,HOUSE
847,500158.003,3050215.637,1411.053,
848,500273.033,3050208.883,1423.608,
849,500059.750,3050022.232,1406.912,HOUSE
850,500384.620,3050005.939,1420.149,
851,500071.377,3050014.072,1407.313,
852,500079.817,3050213.408,1411.441,GL
853,500343.593,3050058.676,1420.582,TREE
854,500365.033,3050137.068,1422.095,
855,500084.859,3050106.561,1409.531,
856,500187.920,3050198.881,1413.808,
857,500293.398,3050122.225,1422.722,
858,500351.346,3050125.165,1421.833,
859,500151.621,3050247.273,1411.364,
860,500206.808,3050037.532,1412.616,
861,500296.687,3050207.676,1424.435,
862,500292.454,3050012.937,1420.365,
863,500313.184,3050119.412,1422.571,TREE
864,500227.974,3050221.584,1418.828,
865,500041.846,3050166.303,1408.583,TREE
866,500361.589,3050171.304,1422.802,TREE
867,500346.229,3050065.829,1420.736,TREE
868,500319.239,3050104.644,1422.141,HOUSE
869,500039.945,3050091.645,1406.930,ROAD
870,500081.759,3050130.361,1409.950,
871,500297.440,3050115.557,1422.651,
872,500009.256,3050081.725,1403.024,
873,500391.690,3050076.370,1421.955,HOUSE
874,500150.858,3050062.713,1409.154,ROAD
875,500287.725,3050091.262,1422.021,RIVER
876,500355.028,3050037.485,1420.071,TREE
877,500157.852,3050218.026,1411.169,GL
878,500127.653,3050150.530,1411.134,GL
879,500243.496,3050033.447,1417.299,
880,500232.396,3050173.465,1419.476,GL
881,500163.656,3050211.917,1411.441,TREE
882,500240.710,3050059.384,1417.969,
883,500374.153,3050037.650,1420.304,ROAD
884,500187.056,3050002.154,1408.920,ROAD
885,500078.697,3050011.813,1407.311,
886,500150.882,3050190.563,1411.152,RIVER
887,500157.643,3050246.797,1411.478,
888,500052.443,3050011.220,1406.412,RIVER
889,500065.149,3050187.018,1410.609,ROAD
890,500273.825,3050017.966,1419.799,
891,500135.791,3050148.033,1411.627,HOUSE
892,500381.959,3050189.019,1423.692,
893,500097.439,3050089.801,1409.216,ROAD
894,500039.570,3050002.734,1405.186,
895,500301.402,3050148.797,1423.298,
896,500352.414,3050247.811,1424.311,
897,500111.245,3050064.404,1408.317,
898,500080.835,3050047.373,1408.020,
899,500074.306,3050030.981,1407.755,TREE
900,500208.805,3050138.814,1418.504,HOUSE
901,500187.367,3050149.111,1416.307,TREE
902,500103.776,3050198.068,1410.932,
903,500018.069,3050188.268,1406.345,
904,500192.597,3050223.135,1414.142,RIVER
905,500383.733,3050201.443,1424.047,
906,500261.008,3050061.817,1419.916,
907,500198.203,3050138.969,1417.754,GL
908,500044.277,3050074.353,1406.945,
909,500100.975,3050082.446,1409.013,
910,500117.910,3050232.986,1411.106,ROAD
911,500305.921,3050170.474,1423.772,
912,500350.684,3050243.648,1424.237,HOUSE
913,500360.657,3050104.228,1421.296,GL
914,500393.827,3050134.359,1423.410,
915,500392.947,3050121.779,1423.229,HOUSE
916,500381.200,3050026.822,1420.468,TREE
917,500028.729,3050059.175,1405.063,
918,500055.117,3050131.909,1409.019,
919,500121.787,3050016.844,1406.687,RIVER
920,500221.159,3050232.865,1418.032,
921,500038.791,3050030.961,1405.615,RIVER
922,500338.319,3050049.495,1420.577,GL
923,500246.702,3050191.330,1420.918,RIVER
924,500216.946,3050024.234,1413.413,
925,500066.125,3050225.070,1411.322,TREE
926,500101.302,3050181.425,1410.687,TREE
927,500064.125,3050017.155,1407.112,
928,500340.773,3050172.962,1422.926,
929,500233.691,3050157.907,1419.922,TREE
930,500294.052,3050189.337,1423.955,HOUSE
931,500118.413,3050207.049,1410.782,
932,500148.501,3050179.588,1411.191,ROAD
933,500161.942,3050146.544,1413.952,HOUSE
934,500304.006,3050080.616,1421.924,
935,500308.941,3050174.318,1423.808,RIVER
936,500082.725,3050239.243,1411.873,
937,500376.616,3050146.880,1422.645,HOUSE
938,500048.262,3050166.086,1409.177,GL
939,500358.449,3050109.282,1421.455,HOUSE
940,500040.158,3050189.030,1408.904,ROAD
941,500105.816,3050249.417,1411.636,HOUSE
942,500338.591,3050040.097,1420.314,HOUSE
943,500071.797,3050050.601,1408.034,ROAD
944,500165.427,3050134.859,1414.807,HOUSE
945,500179.944,3050120.344,1416.491,ROAD
946,500098.104,3050142.892,1410.302,GL
947,500284.098,3050012.269,1420.208,
948,500340.534,3050101.069,1421.530,
949,500349.830,3050145.745,1422.356,TREE
950,500135.729,3050146.298,1411.691,TREE
951,500212.340,3050164.333,1417.786,
952,500099.363,3050180.054,1410.674,
953,500097.919,3050160.387,1410.536,RIVER
954,500064.502,3050197.561,1410.676,HOUSE
955,500376.008,3050156.190,1422.759,ROAD
956,500355.196,3050134.377,1422.000,
957,500310.943,3050151.549,1423.216,
958,500207.065,3050025.298,1412.082,
959,500196.243,3050068.289,1413.588,ROAD
960,500211.898,3050131.850,1418.731,TREE
961,500214.627,3050218.247,1416.941,ROAD
962,500173.825,3050169.763,1413.687,GL
963,500052.702,3050022.602,1406.530,GL
964,500050.266,3050148.069,1408.906,TREE
965,500380.900,3050055.434,1421.071,RIVER
966,500192.812,3050183.504,1414.726,GL
967,500381.282,3050206.860,1424.046,TREE
968,500065.431,3050148.364,1409.870,RIVER
969,500221.767,3050147.841,1419.185,
970,500083.087,3050084.648,1408.901,ROAD
971,500101.274,3050111.563,1409.879,TREE
972,500012.022,3050216.027,1405.971,RIVER
973,500047.581,3050180.830,1409.535,GL
974,500366.739,3050129.938,1421.916,HOUSE
975,500128.613,3050092.058,1410.041,
976,500243.252,3050012.595,1416.697,HOUSE
977,500186.006,3050035.752,1409.974,
978,500160.180,3050048.256,1408.734,TREE
979,500212.754,3050093.346,1417.581,ROAD
980,500074.896,3050236.036,1411.721,GL
981,500395.442,3050126.288,1423.323,GL
982,500327.323,3050058.710,1420.922,
983,500296.646,3050026.438,1420.760,HOUSE
984,500187.504,3050084.576,1414.511,TREE
985,500061.151,3050203.933,1410.677,TREE
986,500368.266,3050095.836,1421.354,
987,500136.555,3050193.126,1410.634,
988,500020.043,3050200.676,1406.858,
989,500136.961,3050027.705,1406.899,ROAD
990,500317.783,3050152.165,1423.082,ROAD
991,500249.083,3050239.774,1422.010,
992,500300.335,3050100.535,1422.331,
993,500317.454,3050012.736,1420.389,ROAD
994,500084.782,3050230.826,1411.727,TREE
995,500369.513,3050220.917,1423.801,
996,500175.196,3050130.535,1415.933,TREE
997,500255.605,3050138.063,1421.524,
998,500000.924,3050052.935,1401.141,
999,500397.347,3050204.863,1425.165,
1000,500112.359,3050124.650,1410.473,RIVER
1001,500024.825,3050008.469,1403.668,ROAD
1002,500183.305,3050170.754,1414.510,
1003,500051.612,3050237.624,1410.846,TREE
1004,500060.931,3050207.288,1410.825,RIVER
1005,500252.913,3050069.300,1419.522,RIVER
1006,500157.171,3050013.331,1406.919,ROAD
1007,500368.741,3050235.088,1424.212,
1008,500127.663,3050234.266,1410.940,
1009,500290.472,3050133.104,1422.908,
1010,500184.440,3050160.579,1415.255,
1011,500263.981,3050115.650,1421.701,
1012,500239.878,3050104.941,1419.996,
1013,500189.114,3050029.862,1410.091,TREE
1014,500380.024,3050024.188,1420.379,GL
1015,500137.085,3050058.183,1408.213,GL
1016,500070.894,3050209.160,1411.141,
1017,500271.238,3050036.458,1420.035,
1018,500338.403,3050056.675,1420.678,RIVER
1019,500016.101,3050137.154,1405.162,TREE
1020,500179.853,3050053.783,1410.656,
1021,500356.995,3050040.802,1420.116,ROAD
1022,500299.847,3050140.829,1423.137,ROAD
1023,500396.723,3050092.023,1422.715,RIVER
1024,500212.566,3050156.540,1418.060,
1025,500263.998,3050228.051,1423.323,HOUSE
1026,500120.992,3050037.748,1407.297,RIVER
1027,500379.014,3050228.358,1424.308,ROAD
1028,500146.534,3050225.622,1410.904,
1029,500295.404,3050207.272,1424.445,RIVER
1030,500161.256,3050157.821,1413.312,GL
1031,500224.728,3050155.037,1419.161,GL
1032,500287.913,3050159.803,1423.350,TREE
1033,500203.574,3050172.624,1416.399,ROAD
1034,500362.835,3050004.121,1419.377,
1035,500167.720,3050239.523,1411.877,TREE
1036,500258.829,3050146.401,1421.809,ROAD
1037,500136.945,3050195.366,1410.551,TREE
1038,500163.263,3050094.320,1413.081,
1039,500176.020,3050003.099,1407.867,
1040,500050.323,3050127.434,1408.584,TREE
1041,500036.689,3050126.798,1407.432,HOUSE
1042,500266.996,3050109.247,1421.639,TREE
1043,500262.207,3050084.929,1420.745,RIVER
1044,500265.164,3050062.457,1420.281,TREE
1045,500007.907,3050131.886,1403.772,TREE
1046,500130.619,3050093.820,1410.341,
1047,500079.124,3050242.483,1411.952,TREE
1048,500311.261,3050043.232,1421.082,
1049,500344.252,3050079.916,1421.043,HOUSE
1050,500098.672,3050073.490,1408.709,
1051,500267.140,3050135.827,1422.120,RIVER
1052,500051.745,3050124.820,1408.583,
1053,500110.061,3050160.935,1410.553,GL
1054,500055.462,3050237.500,1411.022,
1055,500113.408,3050071.305,1408.672,
1056,500269.895,3050173.193,1422.885,RIVER
1057,500364.131,3050006.260,1419.438,
1058,500081.009,3050065.597,1408.506,TREE
1059,500216.832,3050115.930,1418.920,RIVER
1060,500280.556,3050007.749,1419.939,TREE
1061,500381.169,3050154.417,1422.941,
1062,500244.024,3050169.578,1420.743,
1063,500102.043,3050186.683,1410.719,GL
1064,500250.191,3050129.144,1421.182,
1065,500128.196,3050150.986,1411.127,
1066,500390.451,3050099.016,1422.413,TREE
1067,500159.870,3050010.313,1406.890,GL
1068,500274.171,3050024.988,1419.984,
1069,500009.291,3050163.749,1404.665,GL
1070,500160.025,3050248.889,1411.652,
1071,500350.043,3050003.951,1419.558,
1072,500244.091,3050139.396,1420.894,GL
1073,500177.577,3050187.752,1413.015,RIVER
1074,500374.375,3050206.694,1423.714,TREE
1075,500341.594,3050136.301,1422.260,TREE
1076,500128.886,3050154.979,1411.056,RIVER
1077,500217.819,3050174.181,1417.965,TREE
1078,500195.930,3050214.742,1414.506,
1079,500252.881,3050030.572,1418.317,GL
1080,500133.645,3050231.546,1410.868,GL
1081,500097.682,3050006.504,1407.121,GL
1082,500365.069,3050209.050,1423.560,
1083,500369.550,3050019.185,1419.833,
1084,500337.329,3050048.657,1420.654,
1085,500391.282,3050000.974,1420.595,RIVER
1086,500297.997,3050111.314,1422.535,HOUSE
1087,500305.867,3050083.590,1421.952,ROAD
1088,500305.036,3050041.498,1421.103,
1089,500192.243,3050112.773,1417.309,GL
1090,500182.581,3050100.593,1415.595,TREE
1091,500096.091,3050191.915,1410.816,GL
1092,500257.928,3050223.283,1422.584,GL
1093,500115.728,3050163.142,1410.588,
1094,500103.123,3050031.103,1407.439,
1095,500234.385,3050073.848,1418.001,ROAD
1096,500163.993,3050228.330,1411.540,RIVER
1097,500087.543,3050022.184,1407.519,
1098,500326.422,3050101.714,1421.860,GL
1099,500344.228,3050235.626,1424.146,TREE
1100,500067.080,3050237.666,1411.631,ROAD
1101,500003.003,3050102.801,1402.523,RIVER
1102,500134.452,3050166.849,1411.016,GL
1103,500319.004,3050114.186,1422.362,HOUSE
1104,500335.670,3050188.365,1423.523,RIVER
1105,500055.332,3050007.895,1406.478,ROAD
1106,500309.734,3050036.039,1420.906,
1107,500046.282,3050153.550,1408.763,ROAD
1108,500156.025,3050058.138,1409.142,GL
1109,500399.444,3050166.513,1424.547,
1110,500077.036,3050087.806,1408.958,ROAD
1111,500061.585,3050221.661,1411.006,ROAD
1112,500169.120,3050204.815,1411.827,
1113,500247.867,3050123.209,1420.896,GL
1114,500373.160,3050193.224,1423.411,
1115,500392.328,3050067.784,1421.935,
1116,500027.856,3050123.565,1406.282,RIVER
1117,500055.199,3050049.371,1407.312,
1118,500316.295,3050215.222,1424.462,TREE
1119,500108.253,3050205.767,1410.872,
1120,500353.940,3050225.537,1423.863,HOUSE
1121,500265.381,3050219.369,1423.201,RIVER
1122,500044.738,3050239.899,1410.384,HOUSE
1123,500333.012,3050057.084,1420.873,TREE
1124,500070.543,3050232.956,1411.646,ROAD
1125,500169.398,3050142.803,1415.004,RIVER
1126,500220.874,3050105.624,1418.814,ROAD
1127,500200.306,3050140.093,1417.871,
1128,500274.465,3050085.651,1421.448,TREE
1129,500261.075,3050072.138,1420.306,ROAD
1130,500396.817,3050060.329,1422.157,
1131,500399.769,3050020.607,1421.635,HOUSE
1132,500206.584,3050124.141,1418.557,
1133,500038.080,3050221.940,1409.402,RIVER
1134,500291.137,3050157.538,1423.342,TREE
1135,500390.666,3050130.244,1423.082,HOUSE
1136,500127.331,3050107.148,1410.744,ROAD
1137,500184.484,3050116.100,1416.670,
1138,500169.911,3050052.319,1409.649,GL
1139,500020.568,3050205.734,1407.004,ROAD
1140,500268.906,3050049.596,1420.182,
1141,500141.335,3050179.156,1411.050,ROAD
1142,500314.986,3050189.996,1423.880,
1143,500332.848,3050143.717,1422.552,TREE
1144,500328.492,3050215.732,1424.012,TREE
1145,500166.666,3050072.763,1411.261,HOUSE
1146,500128.618,3050220.404,1410.693,ROAD
1147,500299.528,3050182.353,1423.901,
1148,500320.556,3050199.687,1424.073,
1149,500196.503,3050166.145,1416.129,GL
1150,500357.212,3050211.586,1423.556,TREE
1151,500057.563,3050248.275,1411.393,ROAD
1152,500351.628,3050105.041,1421.503,ROAD
1153,500038.438,3050203.479,1409.047,
1154,500061.410,3050186.145,1410.335,RIVER
1155,500213.536,3050113.218,1418.609,
1156,500027.007,3050231.737,1408.325,
1157,500021.123,3050098.606,1404.982,
1158,500000.207,3050141.366,1402.972,RIVER
1159,500174.527,3050026.486,1408.503,
1160,500309.850,3050056.444,1421.314,TREE
1161,500013.935,3050210.174,1406.144,ROAD
1162,500260.903,3050099.138,1421.105,ROAD
1163,500329.251,3050098.521,1421.695,RIVER
1164,500067.200,3050061.495,1408.147,
1165,500058.745,3050122.903,1409.067,GL
1166,500344.320,3050201.454,1423.506,TREE
1167,500329.250,3050223.791,1424.273,HOUSE
1168,500215.577,3050017.529,1413.095,TREE
1169,500327.680,3050143.705,1422.736,TREE
1170,500037.102,3050116.818,1407.151,
1171,500157.793,3050153.570,1413.310,
1172,500295.119,3050111.819,1422.532,GL
1173,500102.981,3050099.661,1409.631,
1174,500300.932,3050117.970,1422.564,TREE
1175,500201.671,3050145.500,1417.809,ROAD
1176,500300.106,3050125.246,1422.905,TREE
1177,500185.872,3050118.036,1416.964,TREE
1178,500147.162,3050204.459,1410.786,
1179,500087.676,3050186.412,1410.905,HOUSE
1180,500083.352,3050085.345,1408.965,GL
1181,500300.596,3050200.144,1424.301,
1182,500047.564,3050213.413,1410.016,
1183,500034.393,3050038.373,1405.298,ROAD
1184,500070.517,3050145.671,1410.025,RIVER
1185,500070.139,3050071.328,1408.472,TREE
1186,500329.243,3050184.793,1423.470,RIVER
1187,500159.403,3050059.696,1409.445,
1188,500396.155,3050167.851,1424.249,
1189,500054.885,3050063.781,1407.622,RIVER
1190,500261.416,3050127.786,1421.713,
1191,500179.492,3050237.162,1412.869,HOUSE
1192,500157.167,3050095.327,1412.662,
1193,500350.034,3050218.935,1423.742,
1194,500390.238,3050246.736,1425.435,GL
1195,500349.144,3050218.713,1423.738,
1196,500076.920,3050041.467,1407.895,ROAD
1197,500088.319,3050204.915,1411.133,RIVER
1198,500262.430,3050008.037,1418.784,TREE
1199,500115.633,3050098.325,1409.801,TREE
1200,500293.890,3050217.683,1424.579,
1201,500226.568,3050172.188,1418.902,
1202,500220.364,3050133.185,1419.287,
1203,500331.419,3050096.966,1421.665,ROAD
1204,500284.213,3050203.074,1424.101,
1205,500010.631,3050177.390,1405.093,
1206,500019.784,3050117.101,1405.087,ROAD
1207,500240.623,3050223.121,1420.657,HOUSE
1208,500194.477,3050057.487,1412.475,TREE
1209,500104.074,3050042.598,1407.923,
1210,500167.462,3050160.701,1413.688,TREE
1211,500303.164,3050242.999,1425.104,TREE
1212,500330.645,3050061.814,1421.081,
1213,500224.489,3050062.418,1416.164,HOUSE
1214,500154.148,3050034.875,1407.598,RIVER
1215,500108.279,3050215.141,1411.114,
1216,500208.767,3050056.599,1414.032,
1217,500125.900,3050125.795,1411.042,
1218,500225.638,3050247.718,1418.981,ROAD
1219,500270.661,3050003.035,1419.358,
1220,500026.432,3050139.122,1406.447,RIVER
1221,500000.427,3050128.072,1402.582,ROAD
1222,500084.911,3050201.862,1411.110,GL
1223,500357.805,3050088.820,1421.069,TREE
1224,500258.516,3050102.585,1421.053,RIVER
1225,500068.784,3050041.984,1407.822,ROAD
1226,500356.106,3050185.204,1423.079,
1227,500187.982,3050196.177,1413.812,
1228,500190.437,3050034.166,1410.385,HOUSE
1229,500374.217,3050098.364,1421.491,
1230,500023.795,3050223.226,1407.805,
1231,500086.071,3050000.677,1407.007,RIVER
1232,500234.309,3050074.690,1417.997,GL
1233,500078.195,3050138.761,1410.057,HOUSE
1234,500271.811,3050083.523,1421.195,
1235,500085.637,3050068.011,1408.528,
1236,500039.663,3050115.009,1407.405,
1237,500082.794,3050045.381,1408.057,
1238,500169.094,3050132.406,1415.378,
1239,500070.455,3050176.674,1410.554,GL
1240,500053.877,3050143.824,1409.146,
1241,500344.113,3050023.277,1419.887,TREE
1242,500128.159,3050211.102,1410.561,TREE
1243,500144.303,3050043.744,1407.668,
1244,500022.108,3050191.203,1406.943,GL
1245,500142.948,3050090.141,1410.926,
1246,500105.923,3050195.690,1410.689,
1247,500244.194,3050051.568,1417.945,RIVER
1248,500082.156,3050046.666,1408.119,RIVER
1249,500355.346,3050124.256,1421.814,GL
1250,500371.867,3050008.234,1419.610,RIVER
1251,500039.932,3050056.324,1406.371,TREE
1252,500042.961,3050181.003,1409.026,
1253,500046.131,3050209.346,1409.880,ROAD
1254,500247.828,3050020.196,1417.504,GL
1255,500048.788,3050220.519,1410.274,TREE
1256,500340.953,3050199.379,1423.474,HOUSE
1257,500301.709,3050217.421,1424.722,
1258,500327.924,3050174.607,1423.387,HOUSE
1259,500210.424,3050168.538,1417.386,TREE
1260,500398.671,3050131.273,1423.806,
1261,500017.670,3050163.197,1405.726,
1262,500160.506,3050229.777,1411.437,HOUSE
1263,500129.575,3050025.131,1406.803,
1264,500379.458,3050078.941,1421.396,
1265,500230.744,3050018.114,1415.143,RIVER
1266,500322.476,3050236.201,1424.600,
1267,500068.136,3050111.316,1409.238,HOUSE
1268,500391.454,3050168.836,1423.877,HOUSE
1269,500199.456,3050210.280,1414.836,ROAD
1270,500197.469,3050247.750,1415.069,HOUSE
1271,500388.354,3050040.446,1421.231,HOUSE
1272,500152.293,3050199.878,1411.041,ROAD
1273,500159.010,3050221.856,1411.212,RIVER
1274,500233.901,3050012.219,1415.510,
1275,500051.221,3050188.523,1409.879,HOUSE
1276,500128.434,3050088.681,1409.948,
1277,500077.283,3050162.149,1410.401,RIVER
1278,500041.313,3050128.512,1407.839,
1279,500346.458,3050064.936,1420.732,
1280,500235.732,3050033.805,1416.381,
1281,500143.469,3050029.237,1407.034,TREE
1282,500163.468,3050025.831,1407.666,
1283,500172.608,3050159.448,1414.313,
1284,500253.260,3050087.853,1420.270,TREE
1285,500370.708,3050054.158,1420.591,RIVER
1286,500373.112,3050172.971,1423.099,TREE
1287,500156.597,3050171.712,1412.088,GL
1288,500131.705,3050134.792,1411.636,HOUSE
1289,500180.419,3050233.739,1412.921,TREE
1290,500227.174,3050096.354,1418.852,GL
1291,500184.727,3050208.966,1413.173,TREE
1292,500263.501,3050018.785,1419.022,
1293,500221.760,3050184.958,1418.115,
1294,500128.286,3050247.112,1411.176,HOUSE
1295,500138.292,3050211.650,1410.708,
1296,500151.437,3050144.916,1413.001,
1297,500037.856,3050156.692,1408.106,
1298,500066.425,3050088.322,1408.729,ROAD
1299,500289.246,3050169.871,1423.605,
1300,500155.639,3050192.599,1411.207,
1301,500085.816,3050249.557,1412.121,HOUSE
1302,500225.069,3050123.116,1419.639,TREE
1303,500302.216,3050015.326,1420.602,GL
1304,500102.969,3050148.964,1410.485,RIVER
1305,500330.716,3050029.756,1420.377,
1306,500371.002,3050061.191,1420.712,TREE
1307,500238.958,3050082.195,1418.862,HOUSE
1308,500267.579,3050182.757,1422.806,TREE
1309,500021.030,3050045.952,1403.835,
1310,500378.208,3050041.438,1420.523,HOUSE
1311,500156.994,3050011.241,1406.810,HOUSE
1312,500369.560,3050218.310,1423.832,
1313,500231.591,3050173.376,1419.416,
1314,500001.848,3050009.987,1400.480,HOUSE
1315,500015.417,3050007.073,1402.371,
1316,500272.168,3050139.669,1422.457,RIVER
1317,500225.067,3050070.634,1416.915,
1318,500010.613,3050149.182,1404.503,RIVER
1319,500297.384,3050108.651,1422.474,HOUSE
1320,500340.858,3050230.828,1424.166,GL
1321,500198.567,3050071.952,1414.162,
1322,500186.303,3050169.786,1414.808,
1323,500002.189,3050013.514,1400.638,HOUSE
1324,500314.660,3050238.965,1424.835,ROAD
1325,500132.286,3050245.189,1411.132,
1326,500351.505,3050184.769,1423.123,TREE
1327,500149.224,3050116.303,1413.002,RIVER
1328,500226.031,3050054.998,1416.025,
1329,500108.137,3050203.129,1410.900,HOUSE
1330,500064.235,3050184.089,1410.433,
1331,500309.963,3050055.489,1421.375,ROAD
1332,500198.636,3050112.804,1417.724,
1333,500214.595,3050115.700,1418.816,
1334,500386.166,3050206.603,1424.264,GL
1335,500385.432,3050170.961,1423.563,
1336,500342.257,3050160.792,1422.770,
1337,500075.044,3050162.457,1410.372,HOUSE
1338,500237.709,3050067.618,1417.911,
1339,500351.259,3050092.928,1421.159,RIVER
1340,500149.786,3050011.416,1406.625,
1341,500040.442,3050196.735,1409.201,
1342,500324.385,3050108.250,1422.124,RIVER
1343,500192.705,3050109.560,1417.144,
1344,500225.757,3050061.339,1416.373,
1345,500392.858,3050052.357,1421.685,HOUSE
1346,500242.885,3050146.955,1420.713,
1347,500169.992,3050058.138,1410.104,RIVER
1348,500147.994,3050016.052,1406.764,GL
1349,500167.048,3050191.877,1411.872,ROAD
1350,500047.360,3050094.117,1407.713,
1351,500317.900,3050095.059,1421.971,
1352,500335.087,3050107.830,1421.799,RIVER
1353,500113.759,3050203.761,1410.830,ROAD
1354,500121.519,3050080.209,1409.143,RIVER
1355,500349.734,3050189.509,1423.127,
1356,500009.588,3050234.886,1406.078,GL
1357,500208.183,3050165.217,1417.300,TREE
1358,500185.470,3050107.920,1416.446,GL
1359,500276.051,3050186.947,1423.304,
1360,500065.357,3050114.474,1409.134,GL
1361,500267.332,3050103.607,1421.615,TREE
1362,500150.694,3050131.321,1413.324,
1363,500247.486,3050079.431,1419.451,
1364,500016.038,3050026.063,1402.798,
1365,500184.691,3050103.713,1416.073,
1366,500208.900,3050030.964,1412.697,
1367,500085.731,3050102.610,1409.441,GL
1368,500055.849,3050139.233,1409.156,
1369,500075.390,3050232.678,1411.740,
1370,500137.656,3050009.056,1406.343,TREE
1371,500038.724,3050155.365,1408.091,ROAD
1372,500378.928,3050114.434,1422.068,
1373,500161.998,3050005.065,1406.919,GL
1374,500323.588,3050062.387,1421.215,
1375,500389.767,3050029.621,1421.113,GL
1376,500032.294,3050054.199,1405.432,GL
1377,500260.668,3050068.643,1419.994,ROAD
1378,500348.564,3050100.327,1421.410,GL
1379,500253.694,3050132.260,1421.384,RIVER
1380,500171.610,3050000.247,1407.425,
1381,500172.431,3050040.467,1409.052,
1382,500014.360,3050023.392,1402.525,
1383,500213.840,3050137.418,1418.874,
1384,500397.417,3050082.269,1422.713,
1385,500383.483,3050137.099,1422.726,
1386,500016.160,3050055.456,1403.368,
1387,500282.319,3050006.057,1420.148,RIVER
1388,500120.706,3050235.342,1411.038,ROAD
1389,500361.196,3050027.077,1419.877,
1390,500018.046,3050031.715,1403.122,RIVER
1391,500374.350,3050036.637,1420.333,
1392,500334.990,3050245.319,1424.522,GL
1393,500047.002,3050154.415,1408.825,
1394,500023.930,3050152.572,1406.437,GL
1395,500333.883,3050246.675,1424.647,ROAD
1396,500062.303,3050022.110,1407.147,HOUSE
1397,500213.959,3050243.625,1417.149,TREE
1398,500366.298,3050051.003,1420.501,HOUSE
1399,500226.979,3050155.768,1419.295,HOUSE
1400,500158.893,3050105.021,1413.622,
1401,500178.006,3050095.988,1414.863,GL
1402,500025.247,3050232.811,1408.181,
1403,500387.501,3050037.307,1420.962,HOUSE
1404,500124.262,3050249.267,1411.269,GL
1405,500075.745,3050094.781,1409.069,HOUSE
1406,500114.419,3050162.194,1410.626,TREE
1407,500385.749,3050241.977,1424.973,
1408,500037.714,3050014.400,1405.092,
1409,500346.921,3050230.716,1424.081,RIVER
1410,500283.138,3050141.953,1422.926,
1411,500332.008,3050176.099,1423.236,
1412,500390.359,3050037.296,1421.177,
1413,500336.862,3050133.347,1422.304,RIVER
1414,500377.353,3050168.378,1423.033,
1415,500050.774,3050114.062,1408.225,RIVER
1416,500318.315,3050038.746,1420.868,GL
1417,500218.270,3050061.030,1415.483,ROAD
1418,500217.398,3050213.598,1417.341,HOUSE
1419,500359.569,3050008.618,1419.438,
1420,500388.722,3050177.216,1423.890,TREE
1421,500281.935,3050249.848,1424.780,GL
1422,500193.175,3050001.871,1409.574,
1423,500182.562,3050040.261,1409.915,TREE
1424,500154.537,3050168.536,1412.163,
1425,500144.640,3050014.998,1406.580,HOUSE
1426,500156.603,3050147.447,1413.403,ROAD
1427,500035.901,3050171.000,1408.241,
1428,500030.974,3050147.037,1407.143,GL
1429,500311.948,3050091.296,1422.050,HOUSE
1430,500178.429,3050174.321,1413.778,
1431,500372.274,3050148.574,1422.470,GL
1432,500244.888,3050051.909,1417.964,
1433,500014.070,3050140.784,1404.883,
1434,500063.009,3050220.477,1411.137,ROAD
1435,500082.328,3050166.708,1410.549,GL
1436,500390.294,3050117.948,1422.806,ROAD
1437,500087.482,3050080.396,1408.944,TREE
1438,500206.302,3050021.472,1411.825,RIVER
1439,500374.471,3050061.157,1420.793,RIVER
1440,500390.877,3050002.797,1420.496,TREE
1441,500094.544,3050246.656,1411.977,
1442,500019.647,3050055.621,1403.933,GL
1443,500061.441,3050203.719,1410.608,ROAD
1444,500025.331,3050042.161,1404.275,GL
1445,500078.050,3050070.900,1408.576,TREE
1446,500227.428,3050104.569,1419.111,
1447,500364.980,3050081.101,1420.925,RIVER
1448,500214.888,3050199.588,1417.120,HOUSE
1449,500250.396,3050239.423,1422.138,
1450,500080.747,3050218.824,1411.481,TREE
1451,500320.233,3050038.394,1420.764,GL
1452,500247.116,3050194.172,1421.114,
1453,500345.655,3050036.987,1420.152,ROAD
1454,500379.537,3050228.345,1424.359,RIVER
1455,500139.160,3050129.470,1412.211,ROAD
1456,500036.232,3050084.095,1406.361,
1457,500090.372,3050039.256,1407.943,
1458,500175.137,3050002.952,1407.785,
1459,500378.277,3050061.987,1421.053,HOUSE
1460,500151.324,3050228.505,1410.937,
1461,500308.309,3050199.316,1424.177,RIVER
1462,500216.191,3050242.448,1417.481,ROAD
1463,500073.124,3050025.190,1407.520,
1464,500128.294,3050148.045,1411.196,RIVER
1465,500261.277,3050064.288,1420.004,
1466,500269.141,3050135.735,1422.236,GL
1467,500173.904,3050080.114,1412.679,GL
1468,500091.458,3050070.866,1408.659,RIVER
1469,500288.763,3050143.461,1423.064,HOUSE
1470,500067.549,3050045.830,1407.764,RIVER
1471,500374.668,3050117.283,1422.029,TREE
1472,500075.161,3050162.703,1410.384,ROAD
1473,500042.925,3050032.046,1406.105,ROAD
1474,500199.059,3050232.649,1414.988,ROAD
1475,500207.820,3050126.431,1418.645,GL
1476,500203.277,3050204.882,1415.452,GL
1477,500174.667,3050163.476,1414.074,RIVER
1478,500397.926,3050177.500,1424.704,ROAD
1479,500194.512,3050179.033,1415.144,RIVER
1480,500191.179,3050218.775,1413.962,TREE
1481,500168.706,3050153.401,1414.239,RIVER
1482,500026.730,3050069.554,1405.063,HOUSE
1483,500237.183,3050024.877,1416.234,HOUSE
1484,500091.187,3050151.563,1410.471,
1485,500255.044,3050016.588,1418.217,TREE
1486,500020.333,3050060.323,1404.092,HOUSE
1487,500392.555,3050015.177,1420.997,ROAD
1488,500187.602,3050137.222,1417.037,RIVER
1489,500358.702,3050040.085,1420.161,
1490,500190.224,3050152.602,1416.310,
1491,500024.132,3050197.716,1407.276,RIVER
1492,500328.885,3050205.470,1423.877,RIVER
1493,500259.273,3050077.386,1420.324,
1494,500312.703,3050137.239,1422.951,GL
1495,500171.268,3050140.753,1415.192,RIVER
1496,500255.175,3050118.222,1421.227,
1497,500342.492,3050163.778,1422.692,ROAD
1498,500252.426,3050052.522,1418.877,
1499,500139.069,3050244.811,1410.967,
1500,500265.012,3050024.520,1419.335,ROAD
